City Name,Lat,Lng,Humidity,Max Temp,Country,Wind Speed,Cloudiness,Date
Takoradze,4.88,-1.76,87,77.0,GH,10.98,98,1592704434
Yulara,-25.24,130.99,37,55.4,AU,10.29,0,1592704216
Victoria,-4.62,55.45,83,80.6,SC,10.67,75,1592704434
Anloga,5.79,0.9,94,75.2,GH,4.7,20,1592704434
Albany,-35.02,117.89,76,48.2,AU,5.82,0,1592704434
Cape Town,-33.93,18.42,87,59.56,ZA,11.41,40,1592704229
Rikitea,-23.12,-134.97,86,74.86,PF,17.0,66,1592704434
College,64.86,-147.8,72,63.48,US,6.93,90,1592704176
Lagoa,39.05,-27.98,92,65.35,PT,15.61,0,1592704435
Ushuaia,-54.8,-68.3,88,37.4,AR,8.05,75,1592704435
São João da Barra,-21.64,-41.05,89,72.84,BR,10.51,0,1592704435
Nizwá,22.93,57.53,47,84.24,OM,1.41,1,1592704435
Kolokani,13.57,-8.03,48,86.34,ML,6.71,4,1592704435
Arraial do Cabo,-22.97,-42.03,87,73.8,BR,12.41,0,1592704435
Thunder Bay,48.4,-89.32,68,64.4,CA,3.15,90,1592704276
Busselton,-33.65,115.33,52,51.06,AU,5.39,0,1592704311
Castro,-42.47,-73.77,100,40.37,CL,6.93,20,1592704436
Tasiilaq,65.61,-37.64,70,46.4,GL,27.51,100,1592704170
Stokmarknes,68.56,14.91,68,56.64,NO,1.99,0,1592704436
Kawalu,-7.38,108.21,85,75.61,ID,1.36,100,1592704436
Atuona,-9.8,-139.03,66,80.24,PF,11.83,0,1592704436
Maddūr,12.6,77.07,94,71.6,IN,10.29,40,1592704436
Saint-Philippe,-21.36,55.77,72,63.88,RE,6.93,90,1592704436
Yellowknife,62.46,-114.35,27,77.0,CA,13.87,20,1592704436
Hermanus,-34.42,19.23,94,55.99,ZA,8.01,15,1592704437
Bluff,-46.6,168.33,72,46.13,NZ,6.64,4,1592704437
Beyneu,45.32,55.2,23,73.38,KZ,13.62,98,1592704437
Las Palmas,28.42,-14.01,73,71.6,ES,19.46,7,1592704437
Jamestown,-15.94,-5.72,76,66.33,SH,20.0,48,1592704437
Sitka,57.05,-135.33,87,50.0,US,5.66,75,1592704437
Saint Paul Harbor,57.79,-152.41,81,53.6,US,13.87,90,1592704397
Baijiantan,45.63,85.18,25,67.8,CN,20.15,2,1592704437
Manhattan,40.78,-73.97,73,73.78,US,4.7,1,1592704260
Vaini,-21.2,-175.2,83,78.8,TO,10.29,75,1592704438
Port Elizabeth,-33.92,25.57,93,60.8,ZA,20.8,0,1592704190
La Ronge,55.1,-105.28,62,53.6,CA,3.71,75,1592704438
Salalah,17.02,54.09,88,82.4,OM,4.7,75,1592704166
Bredasdorp,-34.53,20.04,93,51.8,ZA,5.39,0,1592704438
Dakar,14.69,-17.44,88,78.8,SN,6.93,40,1592704438
Saint-Pierre,46.77,-56.17,86,48.31,PM,12.17,48,1592704438
Karabük,41.2,32.63,76,57.61,TR,1.99,0,1592704438
Río Cuarto,-33.13,-64.35,87,42.8,AR,4.7,57,1592704439
Haimen,23.19,116.61,70,86.0,CN,6.71,20,1592704439
Camacha,33.08,-16.33,77,68.0,PT,9.17,40,1592704439
Te Anau,-45.42,167.72,62,45.28,NZ,0.69,1,1592704439
Mar del Plata,-38.0,-57.56,93,49.59,AR,9.13,100,1592704157
Upernavik,72.79,-56.15,73,39.76,GL,8.52,0,1592704439
Wittstock,53.16,12.48,91,58.68,DE,8.7,96,1592704439
Torbay,47.67,-52.73,86,39.24,CA,11.41,20,1592704439
Caohai,26.87,104.28,84,67.64,CN,7.9,100,1592704439
Ust'-Omchug,61.15,149.63,31,67.26,RU,1.81,0,1592704440
Nizhniy Odes,63.64,54.86,93,42.1,RU,11.92,100,1592704440
Simao,22.79,100.97,93,69.67,CN,3.36,100,1592704440
Atherton,-17.27,145.48,74,77.14,AU,12.75,90,1592704440
Comodoro Rivadavia,-45.87,-67.5,54,50.0,AR,17.22,100,1592704440
Srednekolymsk,67.45,153.68,21,89.31,RU,9.17,22,1592704440
Barrow,71.29,-156.79,74,37.4,US,9.17,75,1592704440
Barda,56.93,55.59,83,45.07,RU,5.1,52,1592704441
Hokitika,-42.72,170.97,52,56.41,NZ,3.6,0,1592704441
Troy,42.61,-83.15,42,79.75,US,4.7,1,1592704441
Qaanaaq,77.48,-69.36,73,38.46,GL,7.63,40,1592704441
Laguna,-28.48,-48.78,82,68.32,BR,0.94,12,1592704441
Port Hardy,50.7,-127.42,87,55.4,CA,5.82,90,1592704441
Abhā,18.22,42.51,46,70.65,SA,3.91,100,1592704441
Yinchuan,38.47,106.27,36,82.15,CN,7.18,11,1592704441
Pandan,14.05,124.17,67,86.94,PH,4.25,33,1592704441
Prince Rupert,54.32,-130.32,87,53.6,CA,4.7,90,1592704435
High Level,58.52,-117.14,24,82.4,CA,12.75,20,1592704442
Mitsamiouli,-11.38,43.28,86,75.81,KM,18.61,100,1592704442
Provideniya,64.38,-173.3,34,62.46,RU,10.96,0,1592704442
Kapaa,22.08,-159.32,66,81.21,US,11.41,40,1592704169
Mandalgovi,45.76,106.27,48,72.64,MN,12.73,98,1592704442
Murgab,37.5,61.97,33,73.4,TM,6.93,0,1592704442
Le Port,-20.94,55.29,83,64.36,RE,18.34,75,1592704443
Westport,-41.75,171.6,57,57.02,NZ,2.1,0,1592704443
Flinders,-34.58,150.86,83,59.25,AU,7.0,39,1592704443
Isangel,-19.55,169.27,71,74.66,VU,15.79,14,1592704443
Goianésia,-15.32,-49.12,62,66.24,BR,3.96,79,1592704443
Umluj,25.02,37.27,56,78.87,SA,7.02,3,1592704443
Moerai,-22.43,-151.33,69,70.43,PF,19.33,100,1592704443
Cidreira,-30.18,-50.21,85,66.18,BR,10.78,0,1592704443
New Norfolk,-42.78,147.06,92,45.99,AU,1.28,100,1592704444
Geraldton,-28.77,114.6,63,62.6,AU,2.24,0,1592704444
Punta Arenas,-53.15,-70.92,83,33.39,CL,4.7,100,1592704444
Beringovskiy,63.05,179.32,59,45.86,RU,9.19,0,1592704444
Puerto Ayora,-0.74,-90.35,96,69.01,EC,3.0,82,1592704444
Ahipara,-35.17,173.17,78,60.55,NZ,9.42,69,1592704444
Omboué,-1.57,9.26,92,72.7,GA,7.36,49,1592704444
Vicuña,-30.03,-70.71,61,51.21,CL,2.73,76,1592704444
Hobart,-42.88,147.33,93,47.95,AU,3.36,75,1592704167
Narsaq,60.92,-46.05,61,46.4,GL,4.7,81,1592704444
Bakel,14.9,-12.46,46,87.85,SN,8.21,96,1592704445
Luleå,65.58,22.15,81,51.8,SE,3.36,0,1592704277
Port Alfred,-33.59,26.89,89,63.0,ZA,4.0,0,1592704445
La Rioja,-29.41,-66.85,45,60.13,AR,6.51,40,1592704445
Lebu,-37.62,-73.65,80,49.62,CL,1.79,0,1592704445
Cherskiy,68.75,161.3,22,84.6,RU,7.02,69,1592704178
Seminole,28.71,-81.21,74,80.22,US,8.05,1,1592704248
Mahébourg,-20.41,57.7,88,69.8,MU,14.99,75,1592704217
Petropavl,54.88,69.16,63,62.6,KZ,6.71,40,1592704445
Podosinovets,60.28,47.07,77,42.96,RU,9.73,0,1592704446
Plettenberg Bay,-34.05,23.37,83,58.12,ZA,7.34,0,1592704446
Oranjemund,-28.55,16.43,90,55.62,NA,1.41,0,1592704446
Istok,56.79,60.78,76,50.0,RU,8.95,92,1592704446
Cascais,38.7,-9.42,88,64.99,PT,15.37,0,1592704446
Namatanai,-3.67,152.43,70,84.87,PG,0.94,48,1592704446
Newcastleton,55.18,-2.81,82,57.2,GB,10.29,100,1592704446
Nālūt,30.33,10.85,40,69.1,LY,13.22,0,1592704446
Fortuna,40.6,-124.16,88,63.37,US,13.87,20,1592704446
Mount Isa,-20.73,139.5,28,69.8,AU,17.22,0,1592704240
Ponta Delgada,37.73,-25.67,93,64.4,PT,8.05,75,1592704238
Samarai,-10.62,150.67,84,79.77,PG,9.44,31,1592704447
Beavercreek,39.71,-84.06,50,77.11,US,3.36,75,1592704171
Kutum,14.2,24.67,21,71.1,SD,5.1,7,1592704447
Port Hedland,-20.32,118.57,22,75.2,AU,21.92,0,1592704447
Ambilobe,-13.2,49.05,93,69.44,MG,2.48,5,1592704447
Butaritari,3.07,172.79,76,83.8,KI,12.33,100,1592704189
Hope,49.38,-121.44,93,62.6,CA,6.93,90,1592704447
Carnarvon,-24.87,113.63,68,68.0,AU,4.7,0,1592704447
Chignahuapan,19.83,-98.03,92,56.93,MX,3.47,80,1592704448
Kotel,42.88,26.45,88,64.4,BG,11.41,75,1592704448
Kamenka,51.32,42.77,68,68.5,RU,3.0,65,1592704448
Hilo,19.73,-155.09,54,76.48,US,9.17,75,1592704448
Mayo,63.59,-135.9,56,68.0,CA,3.36,75,1592704448
Ndélé,8.41,20.65,93,70.86,CF,7.16,100,1592704448
Fonte Boa,-2.5,-66.27,97,73.62,BR,2.04,100,1592704448
Vardø,70.37,31.11,81,45.01,NO,5.97,0,1592704449
Barcelona,10.13,-64.7,86,78.76,VE,4.27,60,1592704449
Thompson,55.74,-97.86,93,51.8,CA,11.41,75,1592704449
Leh,34.17,77.58,47,50.14,IN,4.41,45,1592704449
Luwingu,-10.26,29.93,96,47.89,ZM,3.6,0,1592704449
Nikolskoye,59.7,30.79,66,53.89,RU,8.95,0,1592704449
Noshiro,40.2,140.02,64,68.0,JP,5.82,75,1592704449
Longyearbyen,78.22,15.64,86,37.4,SJ,13.87,75,1592704210
Cáceres,-16.07,-57.68,59,74.37,BR,4.0,0,1592704450
Noyabrsk,63.2,75.45,92,48.15,RU,21.83,100,1592704450
Deming,32.27,-107.76,7,93.2,US,13.87,1,1592704450
Rengasdengklok,-6.16,107.3,70,84.2,ID,6.93,20,1592704450
Saint George,32.38,-64.68,94,76.14,BM,9.17,90,1592704450
Egvekinot,66.32,-179.17,39,58.8,RU,4.18,30,1592704450
Verkhnyaya Sinyachikha,57.98,61.67,66,46.53,RU,8.68,0,1592704450
Hithadhoo,-0.6,73.08,71,83.48,MV,7.0,67,1592704451
Brigantine,39.41,-74.36,78,71.08,US,6.93,1,1592704451
Adeje,28.12,-16.73,64,69.55,ES,8.05,20,1592704451
Nata,-20.22,26.18,73,45.12,BW,4.0,0,1592704451
Sydney,-33.87,151.21,82,57.83,AU,8.05,40,1592704431
Numan,9.47,12.03,87,74.97,NG,3.58,77,1592704452
Vukovar,45.34,19.0,93,57.2,HR,12.75,90,1592704452
Severo-Kuril'sk,50.68,156.12,88,43.86,RU,19.73,100,1592704452
Poum,-20.23,164.02,73,71.82,NC,14.99,19,1592704452
Nanortalik,60.14,-45.24,83,40.21,GL,4.88,100,1592704452
Pevek,69.7,170.31,71,43.83,RU,6.24,51,1592704229
Barentu,15.11,37.59,57,75.04,ER,10.76,0,1592704452
Saqqez,36.25,46.27,54,54.63,IR,3.42,0,1592704453
Marquette,46.53,-87.63,99,51.76,US,1.01,100,1592704453
Rundu,-17.93,19.77,65,44.6,NA,1.12,0,1592704453
Leningradskiy,69.38,178.42,45,59.05,RU,4.12,0,1592704453
Garoowe,8.41,48.48,53,78.76,SO,17.81,9,1592704453
Saskylakh,71.92,114.08,39,78.51,RU,6.26,100,1592704453
Hasaki,35.73,140.83,78,74.77,JP,10.29,75,1592704200
Pontalina,-17.52,-49.45,63,65.3,BR,6.2,0,1592704454
Progreso,21.28,-89.67,88,81.97,MX,5.82,75,1592704454
Saint-Joseph,-21.37,55.62,72,61.93,RE,6.93,90,1592704454
Cabedelo,-6.98,-34.83,94,73.4,BR,4.7,20,1592704454
Multan,30.2,71.48,59,91.4,PK,6.93,20,1592704454
Dikson,73.51,80.55,86,35.58,RU,22.91,100,1592704454
Orlik,52.52,99.83,51,62.2,RU,1.43,80,1592704454
Livramento,-3.03,-60.18,83,79.63,BR,3.83,90,1592704455
Bethel,41.37,-73.41,69,71.6,US,5.82,1,1592704455
Klaksvík,62.23,-6.59,93,51.8,FO,16.11,95,1592704455
Beloha,-25.17,45.05,74,66.15,MG,4.59,65,1592704455
Yerbogachën,61.28,108.01,51,74.46,RU,6.38,0,1592704455
Aklavik,68.22,-135.01,76,50.0,CA,11.41,90,1592704455
Pangnirtung,66.15,-65.71,62,43.88,CA,2.08,0,1592704456
Okhotsk,59.38,143.3,80,50.97,RU,4.07,85,1592704280
Boden,65.83,21.69,81,51.8,SE,3.36,0,1592704456
Hofn,64.25,-15.21,88,50.92,IS,11.99,100,1592704247
Dicabisagan,17.08,122.42,64,88.29,PH,9.46,56,1592704456
Matagami,49.75,-77.63,83,71.6,CA,5.82,90,1592704456
Tiznit Province,29.58,-9.5,70,66.2,MA,2.57,0,1592704456
Ubari,26.59,12.78,15,82.31,LY,3.6,0,1592704456
Jardim,-21.48,-56.14,54,68.67,BR,5.75,0,1592704457
Bilibino,68.05,166.44,25,82.96,RU,16.06,74,1592704457
Warrington,30.38,-87.28,61,80.1,US,9.17,1,1592704457
Makakilo City,21.35,-158.09,48,83.93,US,9.17,75,1592704228
Butembo,0.15,29.28,99,55.35,CD,2.13,76,1592704457
Chapais,49.78,-74.85,88,66.2,CA,4.7,90,1592704457
Sisimiut,66.94,-53.67,60,46.18,GL,10.16,100,1592704294
Callaway,30.15,-85.57,69,80.29,US,9.17,1,1592704342
Saldanha,-33.01,17.94,87,59.36,ZA,10.92,0,1592704458
Dunedin,-45.87,170.5,82,46.0,NZ,21.0,95,1592704458
Nampula,-15.12,39.27,93,62.31,MZ,10.29,47,1592704424
Bengkulu,-3.8,102.27,79,79.41,ID,1.97,100,1592704458
Klagenfurt,46.62,14.31,82,55.6,AT,3.36,20,1592704458
Bend,44.06,-121.32,49,69.75,US,1.99,100,1592704458
Irbeyskoye,55.64,95.45,85,53.98,RU,9.51,98,1592704458
East London,-33.02,27.91,27,72.5,ZA,15.12,0,1592704180
Šid,45.13,19.23,93,58.71,RS,12.75,90,1592704459
Avarua,-21.21,-159.78,60,75.2,CK,12.75,100,1592704459
Ketchikan,55.34,-131.65,71,55.74,US,11.41,90,1592704459
Anniston,33.66,-85.83,65,78.93,US,2.15,1,1592704459
Krasnosel'kup,65.7,82.47,65,51.75,RU,18.48,9,1592704459
Padang,-0.95,100.35,60,84.34,ID,0.31,99,1592704459
Chokurdakh,70.63,147.92,17,91.18,RU,8.16,0,1592704459
Cayenne,4.93,-52.33,94,78.8,GF,5.82,75,1592704250
Kapuskasing,49.42,-82.43,88,68.0,CA,8.05,90,1592704217
Yurkivka,49.01,31.1,92,62.96,UA,5.48,98,1592704460
Glendive,47.11,-104.71,38,73.4,US,14.99,1,1592704329
Oyotún,-6.85,-79.3,72,70.05,PE,2.21,6,1592704460
Bamiantong,44.93,130.53,71,72.68,CN,11.81,100,1592704460
Havelock,34.88,-76.9,93,70.03,US,5.01,100,1592704216
Marystown,47.17,-55.15,77,45.28,CA,10.58,0,1592704460
Coquimbo,-29.95,-71.34,93,53.6,CL,4.7,73,1592704460
Xichang,27.9,102.26,71,75.74,CN,3.4,74,1592704301
Bambous Virieux,-20.34,57.76,88,69.42,MU,14.99,75,1592704461
Chui,-33.7,-53.46,93,57.27,UY,9.53,99,1592704178
Mumford,5.26,-0.76,89,76.89,GH,8.57,98,1592704461
Vao,-22.67,167.48,61,68.54,NC,12.17,0,1592704217
Phan Thiet,10.93,108.1,71,84.69,VN,3.89,95,1592704225
Omsukchan,62.53,155.8,25,73.04,RU,4.03,0,1592704461
Henties Bay,-22.12,14.28,59,61.0,NA,5.57,17,1592704249
Khatanga,71.97,102.5,44,67.8,RU,12.53,57,1592704462
San Patricio,19.22,-104.7,78,82.4,MX,6.93,40,1592704462
Georgetown,-7.93,-14.42,76,78.06,SH,18.3,98,1592704462
Buchanan,5.88,-10.05,94,77.0,LR,3.36,75,1592704462
Xining,36.62,101.77,79,56.93,CN,3.0,100,1592704462
Ola,59.58,151.28,76,54.77,RU,7.81,13,1592704462
Verkhnevilyuysk,63.45,120.32,38,81.59,RU,4.59,80,1592704462
Roma,-26.58,148.78,51,66.78,AU,12.88,92,1592704463
Itoman,26.12,127.67,79,87.24,JP,17.22,75,1592704463
Yenagoa,4.92,6.26,94,74.35,NG,3.36,100,1592704463
São Caetano de Odivelas,-0.75,-48.02,94,74.75,BR,5.48,12,1592704463
Saint-François,16.25,-61.27,83,80.6,GP,5.82,10,1592704463
Sahuaripa,29.05,-109.23,14,97.52,MX,8.7,0,1592704463
Warrnambool,-38.38,142.48,94,48.99,AU,4.34,70,1592704463
Ribeira Grande,38.52,-28.7,91,65.68,PT,9.84,13,1592704176
São José de Ribamar,-2.56,-44.05,94,77.0,BR,2.24,75,1592704394
Naliya,23.27,68.83,73,86.63,IN,10.58,2,1592704464
Ucluelet,48.93,-125.55,93,57.7,CA,11.41,90,1592704464
Kahului,20.89,-156.47,43,81.09,US,21.92,40,1592704187
Lorengau,-2.02,147.27,72,84.42,PG,2.17,1,1592704464
Lavrentiya,65.58,-171.0,43,56.34,RU,16.4,0,1592704464
Castro Alves,-12.77,-39.43,93,64.13,BR,5.35,2,1592704464
Jiangyou,31.77,104.72,62,80.08,CN,5.19,93,1592704464
Kruisfontein,-34.0,24.73,95,54.84,ZA,7.11,41,1592704464
Ponta do Sol,17.2,-25.09,73,75.2,CV,12.75,40,1592704465
Shīeli,44.17,66.75,19,75.11,KZ,10.13,0,1592704465
Lichuan,30.3,108.85,98,66.78,CN,1.77,100,1592704465
Nome,64.5,-165.41,68,63.79,US,14.99,75,1592704465
Cockburn Town,24.03,-74.52,76,82.29,BS,8.99,95,1592704465
‘Āhuimanu,21.44,-157.84,58,82.0,US,14.99,90,1592704465
Dalhousie,48.05,-66.38,87,53.6,CA,3.36,1,1592704466
Broome,-17.97,122.23,31,77.0,AU,10.29,0,1592704466
Nakapiripirit,1.92,34.78,89,62.56,UG,1.61,29,1592704466
Purranque,-40.92,-73.17,100,41.77,CL,2.24,1,1592704248
Port Lincoln,-34.73,135.87,65,56.28,AU,18.07,91,1592704466
Kavaratti,10.57,72.64,73,84.33,IN,19.35,100,1592704249
Coshocton,40.27,-81.86,54,74.21,US,4.7,1,1592704466
Bonthe,7.53,-12.51,82,77.67,SL,3.62,98,1592704466
Pacifica,37.61,-122.49,93,59.04,US,4.7,90,1592704213
Kédougou,12.56,-12.17,84,75.67,SN,3.31,68,1592704467
Paciran,-6.88,112.38,69,82.69,ID,6.33,20,1592704467
Huanren,41.26,125.37,55,77.94,CN,10.83,10,1592704467
Tuktoyaktuk,69.45,-133.04,87,42.8,CA,11.41,90,1592704198
Kangaatsiaq,68.31,-53.46,86,38.28,GL,9.17,100,1592704467
Trairi,-3.28,-39.27,84,77.14,BR,10.33,3,1592704467
Meulaboh,4.14,96.13,70,82.71,ID,3.85,74,1592704468
Kavieng,-2.57,150.8,66,85.37,PG,1.57,7,1592704187
Āreka,7.07,37.7,88,58.32,ET,0.85,0,1592704468
Koumac,-20.57,164.28,65,72.52,NC,7.29,49,1592704468
Kiama,-34.68,150.87,69,59.68,AU,1.01,39,1592704468
Zaria,11.11,7.72,80,74.35,NG,9.6,57,1592704468
Mananjary,-21.22,48.33,86,66.94,MG,5.03,100,1592704468
Muskegon,43.3,-86.13,39,79.07,US,6.93,75,1592704374
Kushmurun,52.45,64.63,50,66.02,KZ,11.81,0,1592704468
São José da Coroa Grande,-8.9,-35.15,84,75.63,BR,11.36,9,1592704469
Bitung,1.45,125.18,59,89.6,ID,2.24,20,1592704469
Ilulissat,69.22,-51.1,56,44.6,GL,3.36,71,1592704469
Souillac,-20.52,57.52,88,69.8,MU,14.99,75,1592704469
Teya,60.38,92.63,86,44.42,RU,4.36,100,1592704469
Pisco,-13.7,-76.22,77,63.79,PE,4.7,75,1592704469
Opotiki,-38.08,177.28,89,60.01,NZ,5.99,100,1592704469
Dabeiba,7.0,-76.27,78,75.79,CO,1.05,100,1592704470
Anchorage,61.22,-149.9,48,61.59,US,8.05,40,1592704416
Praia da Vitória,38.73,-27.07,93,66.2,PT,5.19,20,1592704470
Lunenburg,44.38,-64.32,90,64.02,CA,1.01,6,1592704470
Sioux Lookout,50.1,-91.92,55,66.2,CA,5.82,90,1592704470
Chegdomyn,51.12,133.02,36,69.64,RU,3.94,100,1592704470
Fort Collins,40.59,-105.08,18,77.68,US,11.41,1,1592704470
Selero,41.13,25.0,82,68.97,GR,6.24,40,1592704470
Prince George,53.92,-122.75,87,59.23,CA,11.41,40,1592704465
Kaitangata,-46.28,169.85,73,46.99,NZ,5.01,34,1592704471
Kibre Mengist,5.88,38.98,94,58.35,ET,1.74,57,1592704471
Haines Junction,60.75,-137.51,55,57.06,CA,9.69,33,1592704188
Genhe,50.78,121.52,52,62.6,CN,8.9,47,1592704471
Porto Nacional,-10.71,-48.42,78,73.4,BR,3.36,75,1592704471
Puerto Ayacucho,5.66,-67.62,91,76.32,VE,1.19,100,1592704471
Tuy Hoa,13.08,109.3,60,88.45,VN,8.19,23,1592704471
Pombas,17.15,-25.02,73,75.2,CV,12.75,40,1592704471
Katsuura,35.13,140.3,73,76.62,JP,12.75,75,1592704472
Karla,59.37,24.93,76,52.27,EE,8.05,0,1592704472
Durango,37.28,-107.88,9,75.92,US,14.99,1,1592704315
Constantine,36.37,6.61,76,57.2,DZ,2.21,0,1592704401
Madang,-5.22,145.8,67,85.12,PG,5.35,4,1592704472
Sobolevo,54.43,31.9,97,62.56,RU,9.78,97,1592704472
Zhicheng,30.3,111.5,97,68.9,CN,4.21,100,1592704472
Kimbe,-5.55,150.14,58,89.91,PG,3.89,16,1592704473
Lüderitz,-26.65,15.16,58,59.0,NA,5.82,0,1592704229
Gusinoye Ozero,51.11,106.26,48,69.67,RU,8.55,74,1592704473
Marsh Harbour,26.54,-77.06,80,80.94,BS,5.64,47,1592704473
Neryungri,56.67,124.65,48,65.14,RU,4.21,57,1592704473
Tottori-shi,35.5,134.23,68,71.6,JP,14.99,40,1592704473
Tukan,53.84,57.46,98,54.54,RU,2.71,98,1592704473
Somanda,-3.37,33.95,54,69.12,TZ,9.53,88,1592704474
Wenceslau Braz,-23.87,-49.8,95,63.0,BR,2.71,0,1592704474
Cervo,43.67,-7.41,82,64.06,ES,3.0,60,1592704474
São Gabriel da Cachoeira,-0.13,-67.09,97,73.44,BR,1.95,96,1592704474
Ulety,51.36,112.48,49,69.82,RU,2.04,5,1592704474
Pangody,65.85,74.49,69,51.84,RU,15.55,34,1592704474
Merowe,18.48,31.82,15,80.29,SD,8.48,95,1592704474
Olafsvik,64.89,-23.71,73,52.29,IS,9.15,53,1592704475
Hamilton,32.29,-64.78,94,75.83,BM,9.17,90,1592704475
Qui Nhon,13.77,109.23,58,88.92,VN,2.42,0,1592704475
Ossora,59.24,163.07,62,61.92,RU,7.96,0,1592704475
Dillon,34.42,-79.37,83,72.21,US,8.05,75,1592704475
Galveston,29.37,-94.97,74,81.43,US,11.41,40,1592704475
Sawākin,19.11,37.33,53,80.51,SD,6.89,100,1592704475
Paso de los Toros,-32.82,-56.52,97,63.68,UY,10.4,100,1592704475
Nelson Bay,-32.72,152.15,93,55.74,AU,8.14,90,1592704476
Constitucion,23.99,-104.67,21,82.29,MX,10.29,75,1592704476
Mortka,59.33,66.02,73,46.58,RU,7.9,0,1592704476
São João do Paraíso,-15.31,-42.01,92,58.51,BR,8.21,1,1592704476
Aransas Pass,27.91,-97.15,79,83.14,US,11.41,40,1592704476
Grevesmühlen,53.87,11.18,90,56.75,DE,8.01,67,1592704476
Zhanakorgan,43.91,67.25,18,75.74,KZ,3.4,0,1592704476
Kasempa,-13.46,25.83,77,47.5,ZM,5.37,0,1592704476
Bathsheba,13.22,-59.52,78,82.4,BB,18.34,40,1592704260
Ishigaki,24.34,124.16,84,87.8,JP,16.11,75,1592704477
Gazli,40.13,63.45,17,81.84,UZ,16.84,16,1592704477
Weihai,37.5,122.11,59,76.8,CN,5.59,0,1592704477
Talaya,61.38,152.75,23,70.84,RU,2.51,0,1592704477
Markivka,49.52,39.57,67,69.49,UA,9.51,100,1592704211
Berekum,7.45,-2.58,100,70.25,GH,4.21,89,1592704477
Seryshevo,51.09,128.38,91,54.28,RU,13.22,100,1592704477
Ouagadougou,12.36,-1.54,69,82.4,BF,6.93,54,1592704477
Darnah,32.77,22.64,68,72.84,LY,27.65,0,1592704478
Harper,4.38,-7.72,86,77.07,LR,8.97,93,1592704478
Sibolga,1.74,98.78,65,84.24,ID,0.56,44,1592704196
Pochutla,15.74,-96.47,82,82.0,MX,2.19,100,1592704478
Zumarraga,43.09,-2.31,70,53.71,ES,1.99,100,1592704478
Zhigansk,66.77,123.37,33,78.48,RU,8.05,0,1592704478
Yagodnoye,62.55,149.67,31,73.45,RU,5.57,50,1592704479
Cabo San Lucas,22.89,-109.91,35,88.32,MX,12.75,40,1592704479
San Cristobal,-0.9,-89.62,89,70.36,EC,12.86,95,1592704479
Lafia,8.48,8.52,91,73.38,NG,1.92,43,1592704479
Saint-Georges,3.9,-51.8,97,73.51,GF,3.85,100,1592704479
Khromtau,50.25,58.43,30,63.88,KZ,11.79,0,1592704479
Rocky Mountain House,52.37,-114.92,88,63.27,CA,3.24,100,1592704480
Pacific Grove,36.62,-121.92,72,58.51,US,8.05,90,1592704480
Azle,32.9,-97.55,66,83.05,US,10.29,1,1592704480
Lusambo,-4.97,23.45,55,68.92,CD,0.63,17,1592704480
São Filipe,14.9,-24.5,82,75.15,CV,9.66,2,1592704480
Severnoye,56.35,78.36,66,52.79,RU,14.52,5,1592704480
Eloy,32.76,-111.55,10,101.73,US,8.05,1,1592704480
Mildura,-34.2,142.15,87,51.89,AU,14.99,90,1592704278
Tiksi,71.69,128.87,34,68.49,RU,5.48,0,1592704481
Waddān,29.16,16.14,53,71.69,LY,12.48,0,1592704481
Belmonte,-15.86,-38.88,88,69.8,BR,3.36,40,1592704481
Santa Cruz,10.26,-85.59,85,76.96,CR,7.14,100,1592704481
Ipameri,-17.72,-48.16,86,64.58,BR,7.54,0,1592704481
Nanhai,30.13,111.78,97,68.0,CN,7.0,100,1592704481
Ostrovnoy,68.05,39.51,81,43.29,RU,8.12,8,1592704481
Moissac,44.1,1.09,82,60.69,FR,3.36,61,1592704482
Kloulklubed,7.04,134.26,74,86.0,PW,8.05,75,1592704482
Vanimo,-2.67,141.3,65,86.31,PG,5.48,8,1592704482
Hobyo,5.35,48.53,69,78.57,SO,22.86,37,1592704482
Kinatakutan,13.95,122.48,66,87.67,PH,3.49,0,1592704482
Yakeshi,49.28,120.73,52,66.29,CN,12.26,94,1592704482
Pergamino,-33.89,-60.57,84,57.0,AR,6.04,100,1592704482
Naze,28.37,129.48,94,77.88,JP,19.46,75,1592704259
Bandarbeyla,9.49,50.81,64,80.78,SO,25.05,82,1592704483
Chittarkonda,18.12,82.08,85,76.55,IN,0.22,87,1592704483
Aketi,2.74,23.78,86,70.59,CD,0.81,94,1592704483
Udachny,66.42,112.4,40,73.4,RU,6.71,5,1592704483
Tezu,27.92,96.17,81,83.68,IN,1.48,37,1592704483
Clyde River,70.47,-68.59,93,35.6,CA,4.7,1,1592704483
Colac,-38.33,143.58,91,48.31,AU,3.67,100,1592704483
Iqaluit,63.75,-68.51,75,42.39,CA,1.9,90,1592704484
Trencin,48.83,18.25,93,56.95,SK,4.0,100,1592704484
Berlevåg,70.86,29.09,71,47.34,NO,3.0,0,1592704484
Casay,9.82,123.55,74,87.8,PH,9.17,20,1592704484
Matamoros,25.53,-103.25,19,94.3,MX,8.05,75,1592704484
Watertown,42.37,-71.18,61,79.14,US,10.29,1,1592704379
Reconquista,-29.15,-59.65,64,76.98,AR,8.41,92,1592704484
Raudeberg,61.99,5.14,88,63.0,NO,3.29,100,1592704484
Agios Nikolaos,38.42,23.65,63,69.66,GR,2.66,20,1592704485
Sistranda,63.73,8.83,82,60.8,NO,3.36,7,1592704485
Saint Lawrence,36.06,14.2,72,68.72,MT,12.75,0,1592704485
Elizabeth City,36.29,-76.25,88,68.86,US,1.88,1,1592704485
Manta,-0.95,-80.73,85,73.8,EC,9.26,58,1592704485
Jacareacanga,-6.22,-57.75,67,79.23,BR,1.86,68,1592704485
Ciudad Tula,23.0,-99.72,50,78.01,MX,11.01,10,1592704485
Ancud,-41.87,-73.82,100,40.06,CL,6.93,20,1592704485
Dingle,52.14,-10.27,84,55.74,IE,25.01,55,1592704486
Balgazyn,51.0,95.2,47,66.51,RU,5.39,0,1592704486
Umm Hājar,13.3,19.7,42,86.31,TD,4.79,1,1592704486
Matthews,35.12,-80.72,83,72.95,US,3.33,1,1592704356
Yumen,40.28,97.2,41,70.3,CN,11.72,100,1592704486
Port Blair,11.67,92.75,78,84.15,IN,10.67,100,1592704447
Khorinsk,52.17,109.77,35,73.17,RU,3.18,24,1592704486
Teahupoo,-17.83,-149.27,74,84.2,PF,9.17,75,1592704244
Bilma,18.69,12.92,14,83.12,NE,4.65,99,1592704487
Lompoc,34.64,-120.46,72,61.39,US,11.41,12,1592704487
Mackay,-21.15,149.2,73,73.36,AU,14.99,40,1592704487
Palmas Bellas,9.23,-80.09,83,81.0,PA,5.01,100,1592704487
Yeppoon,-23.13,150.73,53,75.2,AU,4.7,2,1592704487
Maniitsoq,65.42,-52.9,73,43.34,GL,10.94,100,1592704487
Aykhal,66.0,111.5,40,73.4,RU,6.71,27,1592704487
Caravelas,-17.71,-39.25,88,70.47,BR,4.34,1,1592704487
Coyhaique,-45.58,-72.07,80,39.2,CL,6.93,75,1592704281
Esim,4.87,-2.24,88,76.57,GH,10.85,99,1592704488
Arua,3.02,30.91,93,62.1,UG,4.03,89,1592704488
Batabanó,22.72,-82.29,100,78.39,CU,3.36,52,1592704488
Korla,41.76,86.15,66,78.01,CN,1.01,0,1592704270
Balkhash,46.84,74.98,44,59.0,KZ,13.42,0,1592704488
Várzea da Palma,-17.6,-44.73,63,65.37,BR,4.41,0,1592704227
Neiafu,-18.65,-173.98,78,80.6,TO,12.75,75,1592704488
Itarema,-2.92,-39.92,79,78.3,BR,13.49,0,1592704208
Portland,-38.33,141.6,75,53.08,AU,4.47,91,1592704489
Khovu-Aksy,51.13,93.6,67,58.78,RU,5.5,74,1592704489
Rodeo,25.18,-104.55,24,88.16,MX,6.67,6,1592704489
Faanui,-16.48,-151.75,81,79.41,PF,11.81,100,1592704489
Kembé,4.62,21.89,95,68.36,CF,1.99,99,1592704489
Viet Tri,21.3,105.43,74,87.8,VN,10.29,40,1592704489
Aitape,-3.14,142.35,62,86.65,PG,6.49,81,1592704489
Tegul'det,57.31,88.17,49,57.02,RU,2.84,100,1592704489
Mwene-Ditu,-7.0,23.45,50,63.07,CD,5.3,0,1592704490
Winfield,37.24,-97.0,61,79.32,US,4.7,1,1592704490
Alugan,12.22,125.48,71,85.77,PH,9.66,100,1592704490
Daru,-9.08,143.21,78,80.67,PG,13.18,36,1592704490
Wageningen,5.77,-56.68,97,74.57,SR,3.22,100,1592704490
Toamasina,-18.17,49.38,93,66.2,MG,13.87,75,1592704490
Agadez,19.75,10.25,13,81.9,NE,3.6,0,1592704490
Agde,43.31,3.48,63,66.67,FR,3.36,0,1592704491
Mezen',65.85,44.24,74,42.62,RU,11.05,100,1592704491
Tromsø,69.65,18.96,76,48.2,NO,9.17,0,1592704491
Masaling,9.98,122.54,71,84.31,PH,6.62,59,1592704491
Palmer,42.16,-72.33,61,74.37,US,9.17,40,1592704491
Presidencia Roque Sáenz Peña,-26.79,-60.44,58,77.94,AR,8.3,6,1592704491
Abu Dhabi,24.47,54.37,84,86.0,AE,3.36,20,1592704301
Santa Maria,16.6,-22.9,78,75.2,CV,12.75,75,1592704491
Shache,38.42,77.24,16,78.62,CN,6.4,0,1592704216
Bosobolo,4.18,19.9,95,69.44,CD,1.45,100,1592704492
Esik,43.36,77.45,34,64.4,KZ,2.24,0,1592704222
Koboko,3.41,30.96,96,61.74,UG,3.85,53,1592704492
Vila Velha,-20.33,-40.29,78,73.18,BR,13.87,0,1592704379
Andenes,69.31,16.12,87,50.0,NO,4.7,0,1592704492
Cockburn Town,21.46,-71.14,80,82.67,TC,18.75,46,1592704493
Tual,-5.67,132.75,80,80.46,ID,21.92,88,1592704493
Paka,4.64,103.44,83,82.2,MY,3.89,20,1592704282
Oddur,4.12,43.89,71,70.74,SO,20.09,9,1592704493
Osa,57.28,55.46,75,45.81,RU,6.13,0,1592704494
San Quintín,30.48,-115.95,75,63.86,MX,11.72,0,1592704495
Panguna,-6.32,155.48,69,81.61,PG,0.96,98,1592704495
Evensk,61.95,159.23,54,64.27,RU,8.12,19,1592704495
Kununurra,-15.77,128.73,30,86.0,AU,18.34,31,1592704496
Mumbwa,-14.98,27.06,93,46.8,ZM,2.59,0,1592704496
Shingū,33.73,135.98,69,75.2,JP,2.24,75,1592704497
Igrim,63.19,64.42,70,47.1,RU,4.05,9,1592704497
Deer Lake,49.17,-57.43,78,45.82,CA,4.18,40,1592704497
Mount Gambier,-37.83,140.77,93,51.8,AU,5.82,75,1592704498
Porto-Vecchio,41.59,9.28,64,66.29,FR,21.92,0,1592704498
Iquitos,-3.75,-73.25,92,73.0,PE,0.67,40,1592704498
Hervey Bay,-25.3,152.85,67,73.0,AU,4.0,64,1592704499
Oussouye,12.48,-16.55,94,75.2,SN,4.7,100,1592704499
Quixeré,-5.07,-37.99,72,76.23,BR,11.7,0,1592704500
Marabu,4.41,114.01,83,84.11,MY,2.24,75,1592704500
Apatity,67.56,33.4,64,48.83,RU,1.86,2,1592704500
Tazovsky,67.47,78.7,79,45.84,RU,13.02,100,1592704501
Sulangan,11.14,123.72,74,84.4,PH,7.99,93,1592704501
Pyn U Lwin,22.03,96.47,70,84.2,MM,9.17,75,1592704501
Alma,43.38,-84.66,73,74.53,US,8.46,1,1592704501
Neuquén,-38.95,-68.06,54,53.6,AR,6.93,43,1592704501
Vlasikha,53.3,83.57,93,48.2,RU,6.71,75,1592704502
Campo Maior,-4.83,-42.17,77,75.0,BR,3.98,0,1592704502
Alegrete,-29.78,-55.79,86,69.39,BR,10.02,0,1592704502
Departamento de Maldonado,-34.67,-54.92,93,53.53,UY,8.05,90,1592704502
Tutayev,57.89,39.54,87,48.2,RU,6.71,0,1592704502
Nakatsugawa,35.48,137.5,53,80.29,JP,6.93,9,1592704502
Bubaque,11.28,-15.83,79,81.72,GW,11.41,99,1592704503
Arlit,18.74,7.39,10,89.56,NE,7.87,5,1592704503
Muravlenko,63.79,74.52,92,48.42,RU,19.08,100,1592704503
Miguel Hidalgo,19.42,-99.2,60,67.5,MX,8.05,90,1592704504
Scarborough,11.18,-60.73,83,80.6,TT,5.82,20,1592704504
Margate,-30.86,30.37,48,62.51,ZA,6.44,0,1592704504
Itaueira,-7.6,-43.03,60,76.46,BR,10.69,0,1592704504
Paramonga,-10.67,-77.83,87,61.83,PE,6.42,55,1592704504
Truckee,39.33,-120.18,25,69.12,US,11.41,1,1592704320
Bam,29.11,58.36,17,90.88,IR,7.83,0,1592704505
Belaya Gora,68.53,146.42,16,89.85,RU,4.94,0,1592704505
San Miguel,15.15,120.98,70,87.4,PH,2.24,75,1592704505
Yanam,16.73,82.22,72,82.74,IN,6.46,100,1592704505
Santa Lucía,-15.7,-70.61,57,40.24,PE,3.24,0,1592704505
Kysyl-Syr,63.9,122.76,36,80.94,RU,4.21,100,1592704505
Vaitape,-16.52,-151.75,80,80.11,PF,12.44,100,1592704506
Acapulco de Juárez,16.86,-99.89,70,86.0,MX,2.84,75,1592704260
Havre-St-Pierre,50.23,-63.6,87,51.8,CA,3.36,1,1592704506
Mayumba,-3.43,10.66,89,73.58,GA,7.47,68,1592704506
Coari,-4.08,-63.14,73,78.26,BR,1.52,52,1592704506
Ambulu,-8.35,113.61,71,81.64,ID,2.44,38,1592704506
Eureka,40.8,-124.16,87,62.62,US,1.01,100,1592704506
Karpogory,64.0,44.45,74,42.57,RU,10.33,86,1592704506
Fairbanks,64.84,-147.72,63,63.23,US,10.29,90,1592704507
Ukiah,39.15,-123.21,25,79.77,US,9.17,1,1592704507
Sevsk,52.15,34.49,93,63.66,RU,5.17,68,1592704507
Sørland,67.67,12.69,69,58.1,NO,9.69,45,1592704507
Kalmunai,7.42,81.82,68,83.1,LK,3.15,100,1592704507
Monrovia,6.3,-10.8,94,77.0,LR,3.36,75,1592704235
Ilhabela,-23.78,-45.36,64,73.4,BR,3.36,0,1592704508
Sorong,-0.88,131.25,70,84.74,ID,7.14,0,1592704508
Tuatapere,-46.13,167.68,69,46.54,NZ,3.53,6,1592704508
Gmina Końskie,51.19,20.41,1,63.0,PL,5.26,46,1592704508
Norman Wells,65.28,-126.83,88,64.4,CA,14.99,90,1592704508
Itacarambi,-15.1,-44.09,55,68.34,BR,4.68,17,1592704508
Arrondissement de Toul,48.67,5.92,87,53.08,FR,3.36,0,1592704474
Nurota,40.56,65.69,42,68.0,UZ,11.41,0,1592704509
Mihăileni,47.97,26.15,10,62.73,RO,11.99,100,1592704509
Manokwari,-0.87,134.08,64,84.74,ID,4.05,0,1592704509
Timizart,36.8,4.27,48,68.05,DZ,3.89,0,1592704509
Wanaka,-44.7,169.15,84,37.0,NZ,1.99,0,1592704509
Monchegorsk,67.94,32.87,58,51.12,RU,3.65,4,1592704509
Akçaabat,41.02,39.57,68,69.8,TR,8.05,75,1592704509
Laredo,27.51,-99.51,55,92.25,US,19.46,1,1592704510
Tomelloso,39.15,-3.02,37,64.99,ES,4.59,0,1592704510
Lamesa,32.74,-101.95,42,84.81,US,13.87,1,1592704510
Baykit,61.67,96.37,46,67.19,RU,2.37,76,1592704510
Great Yarmouth,52.61,1.73,93,57.74,GB,8.01,76,1592704510
Oodweyne,9.41,45.06,60,72.23,SO,15.12,50,1592704511
Richards Bay,-28.78,32.04,81,58.32,ZA,5.88,0,1592704511
Grindavik,63.84,-22.43,93,50.0,IS,8.05,75,1592704290
Doka,13.52,35.77,71,78.78,SD,11.41,78,1592704511
Kaeo,-35.1,173.78,3,60.51,NZ,5.99,69,1592704511
Menzelinsk,55.73,53.1,81,48.2,RU,8.95,0,1592704511
Álamos,27.02,-108.93,30,96.21,MX,4.0,0,1592704511
Alofi,-19.06,-169.92,78,78.8,NU,14.99,100,1592704512
Forssa,60.81,23.62,86,51.49,FI,5.7,76,1592704512
Abilene,32.45,-99.73,46,87.17,US,10.29,75,1592704512
Phuket,8.0,98.25,83,82.4,TH,1.12,40,1592704512
Tiarei,-17.53,-149.33,74,84.2,PF,9.17,75,1592704281
Semīrom,31.42,51.57,40,51.42,IR,3.36,0,1592704512
Mahibadhoo,3.78,72.97,75,83.62,MV,11.54,100,1592704512
Flin Flon,54.77,-101.86,75,51.51,CA,3.98,86,1592704512
Boyolangu,-8.12,111.89,78,80.02,ID,8.72,75,1592704513
Vanavara,60.34,102.28,41,74.17,RU,4.68,40,1592704259
New Amsterdam,6.25,-57.52,95,75.65,GY,3.58,3,1592704290
Paita,-5.09,-81.11,81,66.02,PE,12.5,17,1592704513
Atar,20.52,-13.05,16,97.32,MR,14.32,47,1592704283
Nambucca Heads,-30.65,153.0,60,66.27,AU,16.11,75,1592704513
Sal Rei,16.18,-22.92,78,75.2,CV,12.75,75,1592704513
Santiago del Estero,-27.8,-64.26,75,65.62,AR,4.59,0,1592704513
Gelemso,8.82,40.52,85,61.25,ET,2.42,25,1592704514
Manbij,36.53,37.95,68,66.2,SY,2.24,20,1592704514
Inuvik,68.35,-133.72,76,50.0,CA,11.41,90,1592704514
Talcahuano,-36.72,-73.12,100,48.2,CL,2.24,40,1592704514
Bac Lieu,9.29,105.72,73,83.19,VN,4.43,100,1592704514
Sayyan,15.17,44.32,52,63.93,YE,1.81,61,1592704514
Zhob,31.34,69.45,35,80.44,PK,6.85,0,1592704514
Buraidah,26.33,43.98,32,80.6,SA,12.75,0,1592704409
Slave Lake,55.28,-114.77,33,75.2,CA,10.29,1,1592704244
Varhaug,58.61,5.65,93,56.37,NO,3.36,90,1592704515
Kajaani,64.23,27.73,93,48.2,FI,4.7,98,1592704515
Petropavlovsk-Kamchatskiy,53.05,158.65,66,53.6,RU,13.42,100,1592704515
Mukhen,48.1,136.1,51,70.63,RU,7.34,100,1592704515
